{"cameraMode":{"drawMode":0,"name":"Shaded","section":"Shading Mode"},"sceneLighting":true,"audioPlay":false,"sceneViewState":{"showFog":true,"showMaterialUpdate":false,"showSkybox":true,"showFlares":true,"showImageEffects":true,"showParticleSystems":true},"in2DMode":false,"pivot":{"x":0.5447920560836792,"y":0.1290551722049713,"z":-1.3309434652328492},"rotation":{"x":0.06099386140704155,"y":0.9388160705566406,"z":-0.24924270808696748,"w":0.22974395751953126},"size":12.400001525878907,"orthographic":false}